"Date","Price","Open","High","Low","Vol.","Change %"
"03/16/2026","669.03","668.38","672.07","667.12","82.02M","1.02%"
"03/13/2026","662.29","669.27","672.34","661.36","97.20M","-0.57%"
"03/12/2026","666.06","671.16","671.65","665.87","108.88M","-1.52%"
"03/11/2026","676.33","677.58","680.08","673.34","68.44M","-0.13%"
"03/10/2026","677.18","677.72","683.36","674.76","81.51M","-0.16%"
"03/09/2026","678.27","666.39","679.92","662.39","102.67M","0.88%"
"03/06/2026","672.38","673.41","676.11","669.76","100.69M","-1.31%"
"03/05/2026","681.31","682.08","685.53","675.61","106.61M","-0.56%"
"03/04/2026","685.13","681.63","687.09","679.62","79.18M","0.71%"
"03/03/2026","680.33","675.06","682.61","669.66","105.00M","-0.88%"
"03/02/2026","686.38","678.70","688.62","678.02","87.48M","0.06%"
"02/27/2026","685.99","683.09","686.86","681.64","83.31M","-0.48%"
"02/26/2026","689.30","693.28","693.30","684.35","71.67M","-0.56%"
"02/25/2026","693.15","690.18","693.68","690.10","56.37M","0.84%"
"02/24/2026","687.35","681.90","688.35","680.00","73.80M","0.73%"
"02/23/2026","682.39","687.83","690.00","680.37","90.56M","-1.02%"
"02/20/2026","689.43","682.32","690.06","681.73","100.03M","0.72%"
"02/19/2026","684.48","683.84","686.18","681.55","58.65M","-0.26%"
"02/18/2026","686.29","684.02","689.15","682.83","73.57M","0.50%"
"02/17/2026","682.85","680.14","684.94","675.78","81.35M","0.16%"
"02/13/2026","681.75","681.69","686.28","677.52","96.27M","0.07%"
"02/12/2026","681.27","694.24","695.35","680.37","118.83M","-1.54%"
"02/11/2026","691.96","696.39","697.14","689.18","76.35M","-0.02%"
"02/10/2026","692.12","694.95","696.54","691.66","65.19M","-0.26%"
"02/09/2026","693.95","689.42","695.87","688.34","73.89M","0.48%"
"02/06/2026","690.62","681.46","692.31","680.85","89.13M","1.92%"
"02/05/2026","677.62","680.94","683.69","675.79","113.61M","-1.25%"
"02/04/2026","686.19","690.35","691.45","681.76","105.20M","-0.48%"
"02/03/2026","689.53","696.21","696.96","684.03","107.90M","-0.85%"
"02/02/2026","695.41","689.58","696.93","689.58","79.29M","0.50%"
"01/30/2026","691.97","691.79","694.21","687.12","101.84M","-0.30%"
"01/29/2026","694.04","696.39","697.06","684.83","97.49M","-0.20%"
"01/28/2026","695.42","697.05","697.84","693.94","61.17M","-0.01%"
"01/27/2026","695.49","694.18","696.53","693.57","55.51M","0.40%"
"01/26/2026","692.73","690.49","694.13","689.92","60.47M","0.51%"
"01/23/2026","689.23","688.15","690.96","687.16","63.06M","0.04%"
"01/22/2026","688.98","689.85","691.13","686.92","77.11M","0.52%"
"01/21/2026","685.40","679.65","688.73","678.13","127.84M","1.15%"
"01/20/2026","677.58","681.49","684.77","676.57","111.62M","-2.04%"
"01/16/2026","691.66","693.66","694.25","690.10","79.29M","-0.08%"
"01/15/2026","692.24","694.57","695.45","691.25","77.86M","0.27%"
"01/14/2026","690.36","691.00","691.72","686.04","94.68M","-0.49%"
"01/13/2026","693.77","695.49","696.09","691.35","78.31M","-0.20%"
"01/12/2026","695.16","690.68","696.09","690.63","63.98M","0.16%"
"01/09/2026","694.07","690.63","695.31","689.18","80.13M","0.66%"
"01/08/2026","689.51","688.82","690.61","687.49","64.02M","-0.01%"
"01/07/2026","689.58","692.19","693.96","689.32","75.59M","-0.32%"
"01/06/2026","691.81","687.93","692.32","687.78","69.27M","0.59%"
"01/05/2026","687.72","686.54","689.43","686.38","71.93M","0.67%"
"01/02/2026","683.17","685.71","686.87","679.82","89.38M","0.18%"
"12/31/2025","681.92","687.14","687.36","681.71","74.14M","-0.74%"
"12/30/2025","687.01","687.45","688.55","686.58","47.16M","-0.12%"
"12/29/2025","687.85","687.54","689.20","686.07","62.56M","-0.36%"
"12/26/2025","690.31","690.64","691.66","689.27","41.61M","-0.01%"
"12/25/2025","690.38","687.95","690.38","690.38","39.45M","0.00%"
"12/24/2025","690.38","687.95","690.83","687.80","39.45M","0.35%"
"12/23/2025","687.96","683.92","688.20","683.87","64.84M","0.46%"
"12/22/2025","684.83","683.94","685.36","680.59","69.56M","0.62%"
"12/19/2025","680.59","676.59","681.09","676.47","103.60M","0.61%"
"12/18/2025","676.47","677.60","680.74","674.90","108.65M","0.76%"
"12/17/2025","671.40","679.89","680.43","671.20","110.63M","-1.10%"
"12/16/2025","678.87","679.23","681.08","674.98","122.03M","-0.27%"
"12/15/2025","680.73","685.74","685.76","679.25","90.81M","-0.15%"
"12/12/2025","681.76","688.17","688.88","679.17","113.16M","-1.08%"
"12/11/2025","689.17","685.14","689.25","682.16","86.17M","0.23%"
"12/10/2025","687.57","682.56","688.97","681.31","85.67M","0.66%"
"12/09/2025","683.04","683.15","685.39","682.59","58.31M","-0.09%"
"12/08/2025","683.63","686.59","686.64","681.57","55.23M","-0.30%"
"12/05/2025","685.69","685.47","688.39","684.58","79.24M","0.19%"
"12/04/2025","684.39","685.30","685.37","681.34","61.97M","0.07%"
"12/03/2025","683.89","680.57","684.91","679.69","57.24M","0.35%"
"12/02/2025","681.53","681.92","683.82","679.33","62.95M","0.19%"
"12/01/2025","680.27","678.81","682.99","678.74","61.20M","-0.46%"
"11/28/2025","683.39","680.86","683.66","680.50","49.21M","0.55%"
"11/26/2025","679.68","677.63","681.70","676.72","71.88M","0.69%"
"11/25/2025","675.02","668.63","676.21","664.48","81.08M","0.94%"
"11/24/2025","668.73","662.69","670.06","661.59","80.44M","1.47%"
"11/21/2025","659.03","655.05","664.55","650.85","123.96M","1.00%"
"11/20/2025","652.53","672.91","675.56","651.89","165.29M","-1.52%"
"11/19/2025","662.63","660.78","667.34","658.74","94.70M","0.39%"
"11/18/2025","660.08","662.09","665.12","655.86","114.47M","-0.84%"
"11/17/2025","665.67","669.70","673.71","662.17","90.46M","-0.93%"
"11/14/2025","671.93","665.38","675.66","663.27","96.85M","-0.02%"
"11/13/2025","672.04","680.50","680.86","670.52","103.46M","-1.66%"
"11/12/2025","683.38","684.79","684.96","680.95","62.31M","0.06%"
"11/11/2025","683.00","679.95","683.57","678.73","58.95M","0.23%"
"11/10/2025","681.44","677.23","682.18","675.03","75.84M","1.56%"
"11/07/2025","670.97","667.91","671.08","661.21","100.59M","0.10%"
"11/06/2025","670.31","676.47","677.38","668.72","85.04M","-1.07%"
"11/05/2025","677.58","674.98","680.86","674.17","74.40M","0.35%"
"11/04/2025","675.24","676.11","679.96","674.58","78.43M","-1.19%"
"11/03/2025","683.34","685.67","685.80","679.94","57.32M","0.19%"
"10/31/2025","682.06","685.04","685.08","679.24","87.16M","0.33%"
"10/30/2025","679.83","683.90","685.94","679.83","76.34M","-1.10%"
"10/29/2025","687.39","688.72","689.70","682.87","85.36M","0.05%"
"10/28/2025","687.06","687.05","688.91","684.83","61.74M","0.27%"
"10/27/2025","685.24","682.73","685.54","682.11","63.34M","1.18%"
"10/24/2025","677.25","676.46","678.47","675.65","74.36M","0.82%"
"10/23/2025","671.76","668.12","672.71","667.80","65.60M","0.59%"
"10/22/2025","667.80","672.00","672.00","663.30","80.56M","-0.52%"
"10/21/2025","671.29","671.44","672.99","669.98","56.25M","0.00%"
"10/20/2025","671.30","667.32","672.21","667.27","60.49M","1.04%"
"10/17/2025","664.39","659.50","665.76","658.14","96.50M","0.57%"
"10/16/2025","660.64","666.82","668.71","657.11","110.56M","-0.68%"
"10/15/2025","665.17","666.82","670.23","658.93","81.70M","0.44%"
"10/14/2025","662.23","657.17","665.83","653.17","88.78M","-0.12%"
"10/13/2025","663.04","660.65","665.13","659.77","79.56M","1.53%"
"10/10/2025","653.02","672.13","673.95","652.84","159.42M","-2.70%"
"10/09/2025","671.16","673.53","673.94","669.21","66.50M","-0.29%"
"10/08/2025","673.11","670.25","673.21","669.42","60.70M","0.60%"
"10/07/2025","669.12","672.54","672.99","667.67","72.02M","-0.37%"
"10/06/2025","671.61","671.62","672.51","669.46","54.62M","0.36%"
"10/03/2025","669.21","669.99","672.67","668.16","70.49M","0.00%"
"10/02/2025","669.22","670.45","670.57","666.78","56.90M","0.12%"
"10/01/2025","668.45","663.17","669.37","663.06","72.55M","0.34%"
"09/30/2025","666.18","662.93","666.65","661.61","86.29M","0.38%"
"09/29/2025","663.68","664.36","665.28","661.86","73.50M","0.28%"
"09/26/2025","661.82","659.51","662.37","657.88","69.18M","0.57%"
"09/25/2025","658.05","657.94","659.41","654.41","89.62M","-0.46%"
"09/24/2025","661.10","664.51","664.61","659.67","68.08M","-0.32%"
"09/23/2025","663.21","666.72","667.34","661.98","81.71M","-0.54%"
"09/22/2025","666.84","662.20","667.29","662.17","69.45M","0.47%"
"09/19/2025","663.70","662.33","664.55","660.37","97.95M","0.22%"
"09/18/2025","662.26","661.89","664.89","660.27","90.46M","0.47%"
"09/17/2025","659.18","660.01","661.72","654.30","101.95M","-0.12%"
"09/16/2025","660.00","661.47","661.78","659.21","61.17M","-0.14%"
"09/15/2025","660.91","659.64","661.04","659.34","63.77M","0.53%"
"09/12/2025","657.41","657.60","659.11","656.90","72.78M","-0.03%"
"09/11/2025","657.63","654.18","658.33","653.59","69.93M","0.83%"
"09/10/2025","652.21","653.62","654.55","650.63","78.03M","0.29%"
"09/09/2025","650.33","648.97","650.86","647.22","66.13M","0.23%"
"09/08/2025","648.83","648.62","649.84","647.23","63.13M","0.25%"
"09/05/2025","647.24","651.48","652.21","643.33","85.18M","-0.29%"
"09/04/2025","649.12","644.42","649.15","643.51","65.22M","0.84%"
"09/03/2025","643.74","642.67","644.21","640.46","70.82M","0.54%"
"09/02/2025","640.27","637.50","640.49","634.92","81.98M","-0.74%"
"08/29/2025","645.05","647.47","647.84","643.14","74.52M","-0.60%"
"08/28/2025","648.92","647.24","649.48","645.34","61.52M","0.35%"
"08/27/2025","646.63","644.57","647.37","644.42","48.34M","0.23%"
"08/26/2025","645.16","642.20","645.51","641.57","51.58M","0.42%"
"08/25/2025","642.47","644.04","645.29","642.35","51.27M","-0.44%"
"08/22/2025","645.31","637.76","646.50","637.25","84.08M","1.54%"
"08/21/2025","635.55","636.28","637.97","633.81","54.81M","-0.40%"
"08/20/2025","638.11","639.40","639.66","632.95","88.89M","-0.27%"
"08/19/2025","639.81","643.12","644.10","638.48","69.75M","-0.54%"
"08/18/2025","643.30","642.86","644.00","642.18","43.80M","-0.02%"
"08/15/2025","643.44","645.99","646.09","642.52","68.59M","-0.23%"
"08/14/2025","644.95","642.79","645.62","642.34","59.33M","0.01%"
"08/13/2025","644.89","644.91","646.19","642.68","60.09M","0.34%"
"08/12/2025","642.69","638.29","642.85","636.79","64.82M","1.06%"
"08/11/2025","635.92","637.46","638.95","634.66","58.74M","-0.20%"
"08/08/2025","637.18","634.06","637.65","633.74","64.05M","0.78%"
"08/07/2025","632.25","636.24","636.98","629.11","74.21M","-0.08%"
"08/06/2025","632.78","629.05","633.44","628.13","64.36M","0.77%"
"08/05/2025","627.97","631.79","632.61","627.04","68.05M","-0.51%"
"08/04/2025","631.17","625.67","631.22","625.58","73.22M","1.52%"
"08/01/2025","621.72","626.30","626.34","619.29","140.10M","-1.64%"
"07/31/2025","632.08","639.46","639.85","630.77","103.39M","-0.38%"
"07/30/2025","634.46","635.92","637.68","631.54","80.42M","-0.13%"
"07/29/2025","635.26","638.35","638.67","634.34","60.56M","-0.26%"
"07/28/2025","636.94","637.48","638.04","635.54","54.92M","-0.03%"
"07/25/2025","637.10","635.09","637.58","634.84","56.87M","0.42%"
"07/24/2025","634.42","634.60","636.15","633.99","71.31M","0.03%"
"07/23/2025","634.21","631.55","634.21","629.73","70.51M","0.85%"
"07/22/2025","628.86","629.10","629.73","626.19","60.05M","0.01%"
"07/21/2025","628.77","628.77","631.54","628.34","63.37M","0.19%"
"07/18/2025","627.58","629.30","629.47","626.46","65.62M","-0.07%"
"07/17/2025","628.04","624.40","628.40","624.18","68.89M","0.61%"
"07/16/2025","624.22","623.74","624.73","618.05","88.99M","0.33%"
"07/15/2025","622.14","627.52","627.86","622.06","74.32M","-0.43%"
"07/14/2025","624.81","623.16","625.16","621.80","51.90M","0.19%"
"07/11/2025","623.62","622.74","624.86","621.53","63.67M","-0.35%"
"07/10/2025","625.82","624.20","626.87","623.01","57.53M","0.28%"
"07/09/2025","624.06","622.77","624.72","620.91","66.11M","0.60%"
"07/08/2025","620.34","621.35","622.11","619.52","59.02M","-0.05%"
"07/07/2025","620.68","623.36","624.03","617.87","74.81M","-0.75%"
"07/03/2025","625.34","622.45","626.28","622.43","51.07M","0.79%"
"07/02/2025","620.45","617.24","620.49","616.61","66.51M","0.45%"
"07/01/2025","617.65","616.36","618.83","615.52","70.03M","-0.03%"
"06/30/2025","617.85","617.38","619.22","615.04","92.50M","0.48%"
"06/27/2025","614.91","612.88","616.39","610.83","86.26M","0.50%"
"06/26/2025","611.87","608.99","612.31","608.37","78.55M","0.78%"
"06/25/2025","607.12","607.91","608.61","605.54","62.11M","0.06%"
"06/24/2025","606.78","604.33","607.85","603.41","67.74M","1.10%"
"06/23/2025","600.15","595.04","600.54","591.89","87.43M","0.99%"
"06/20/2025","594.28","598.38","599.46","592.86","94.05M","-0.53%"
"06/18/2025","597.44","598.44","601.22","596.47","76.61M","-0.02%"
"06/17/2025","597.53","600.21","601.75","596.76","82.21M","-0.85%"
"06/16/2025","602.68","600.40","604.45","600.22","79.98M","0.95%"
"06/13/2025","597.00","598.50","601.85","595.48","89.51M","-1.12%"
"06/12/2025","603.75","600.01","603.75","599.52","64.13M","0.40%"
"06/11/2025","601.36","604.19","605.06","599.27","73.66M","-0.29%"
"06/10/2025","603.08","600.22","603.47","599.09","66.25M","0.57%"
"06/09/2025","599.68","599.72","601.25","598.49","53.02M","0.09%"
"06/06/2025","599.14","598.66","600.83","596.86","66.59M","1.03%"
"06/05/2025","593.05","597.63","599.00","591.05","92.44M","-0.48%"
"06/04/2025","595.93","596.96","597.95","595.49","57.31M","-0.03%"
"06/03/2025","596.09","592.34","597.08","591.85","63.61M","0.57%"
"06/02/2025","592.71","587.76","592.79","585.06","61.63M","0.56%"
"05/30/2025","589.39","588.93","591.13","583.23","90.60M","-0.11%"
"05/29/2025","590.05","593.06","593.20","586.07","70.07M","0.39%"
"05/28/2025","587.73","591.56","592.77","586.98","68.45M","-0.58%"
"05/27/2025","591.15","586.07","591.31","578.43","72.59M","2.08%"
"05/23/2025","579.11","575.98","581.81","575.60","76.03M","-0.68%"
"05/22/2025","583.09","582.66","586.62","581.41","70.86M","0.04%"
"05/21/2025","582.86","588.44","592.58","581.82","95.20M","-1.69%"
"05/20/2025","592.85","593.09","594.05","589.60","60.61M","-0.34%"
"05/19/2025","594.85","588.10","595.54","588.10","68.17M","0.11%"
"05/16/2025","594.20","591.25","594.50","589.28","76.05M","0.63%"
"05/15/2025","590.46","585.56","590.97","585.10","71.27M","0.49%"
"05/14/2025","587.59","587.81","588.98","585.53","66.28M","0.13%"
"05/13/2025","586.84","583.41","589.08","582.84","67.95M","0.66%"
"05/12/2025","582.99","581.47","583.00","577.04","78.99M","3.30%"
"05/09/2025","564.34","566.48","567.50","562.76","37.60M","-0.13%"
"05/08/2025","565.06","565.24","570.31","561.70","65.13M","0.70%"
"05/07/2025","561.15","560.15","563.82","556.04","55.73M","0.42%"
"05/06/2025","558.80","557.93","563.35","556.96","48.26M","-0.84%"
"05/05/2025","563.51","562.57","566.65","561.70","38.66M","-0.57%"
"05/02/2025","566.76","564.73","568.38","562.38","60.72M","1.48%"
"05/01/2025","558.47","560.37","564.07","557.86","63.19M","0.71%"
"04/30/2025","554.54","547.57","556.52","541.52","93.10M","0.04%"
"04/29/2025","554.32","548.91","555.45","548.55","47.78M","0.63%"
"04/28/2025","550.85","551.39","553.55","545.02","47.61M","0.04%"
"04/25/2025","550.64","546.65","551.05","543.69","61.12M","0.72%"
"04/24/2025","546.69","536.72","547.43","535.45","64.15M","2.10%"
"04/23/2025","535.42","540.43","545.43","533.88","90.59M","1.55%"
"04/22/2025","527.25","520.14","529.30","519.19","75.95M","2.60%"
"04/21/2025","513.88","521.16","521.70","508.46","69.37M","-2.38%"
"04/17/2025","526.41","527.64","531.16","523.91","79.87M","0.14%"
"04/16/2025","525.66","531.68","537.89","520.29","83.48M","-2.22%"
"04/15/2025","537.61","539.67","543.23","536.81","56.89M","-0.28%"
"04/14/2025","539.12","544.05","544.28","533.86","68.03M","0.97%"
"04/11/2025","533.94","523.01","536.43","520.07","97.87M","1.78%"
"04/10/2025","524.58","532.17","533.49","509.32","162.33M","-4.38%"
"04/09/2025","548.62","493.44","548.62","493.05","241.87M","10.50%"
"04/08/2025","496.48","521.86","524.98","489.16","165.82M","-1.57%"
"04/07/2025","504.38","489.19","523.17","481.80","256.61M","-0.18%"
"04/04/2025","505.28","523.67","525.87","505.06","217.97M","-5.85%"
"04/03/2025","536.70","545.11","547.97","536.70","125.99M","-4.93%"
"04/02/2025","564.52","555.05","567.42","554.81","76.01M","0.63%"
"04/01/2025","560.97","557.45","562.94","553.68","54.61M","0.28%"
"03/31/2025","559.39","549.83","560.71","546.87","95.33M","0.67%"
"03/28/2025","555.66","565.53","566.27","555.07","71.66M","-2.01%"
"03/27/2025","567.08","567.18","570.90","564.94","42.16M","-0.27%"
"03/26/2025","568.59","575.19","576.33","567.19","52.23M","-1.19%"
"03/25/2025","575.46","575.30","576.41","573.69","38.36M","0.24%"
"03/24/2025","574.08","570.80","575.15","570.20","58.77M","1.79%"
"03/21/2025","563.98","559.28","564.89","558.03","83.76M","-0.27%"
"03/20/2025","565.49","563.33","570.57","562.60","62.96M","-0.29%"
"03/19/2025","567.13","562.83","570.95","561.63","66.56M","1.09%"
"03/18/2025","561.02","564.80","565.02","559.06","66.04M","-1.08%"
"03/17/2025","567.15","562.79","569.71","562.35","49.01M","0.77%"
"03/14/2025","562.81","556.11","563.83","551.49","62.66M","2.07%"
"03/13/2025","551.42","558.49","559.10","549.68","74.08M","-1.33%"
"03/12/2025","558.87","562.17","563.11","553.69","69.59M","0.53%"
"03/11/2025","555.92","559.40","564.02","552.02","88.10M","-0.83%"
"03/10/2025","560.58","567.59","569.54","555.59","99.33M","-2.66%"
"03/07/2025","575.92","570.90","577.39","565.63","81.16M","0.56%"
"03/06/2025","572.71","575.48","580.17","570.12","80.09M","-1.78%"
"03/05/2025","583.06","576.69","584.88","573.08","71.23M","1.07%"
"03/04/2025","576.86","579.71","585.39","572.25","109.65M","-1.18%"
"03/03/2025","583.77","596.18","597.34","579.90","74.25M","-1.75%"
"02/28/2025","594.18","585.56","594.72","582.44","88.74M","1.56%"
"02/27/2025","585.05","596.85","598.02","584.65","74.20M","-1.60%"
"02/26/2025","594.54","595.93","599.58","591.86","43.32M","0.05%"
"02/25/2025","594.24","597.15","597.89","589.56","58.27M","-0.50%"
"02/24/2025","597.21","602.02","603.03","596.49","50.74M","-0.46%"
"02/21/2025","599.94","610.16","610.30","599.47","76.52M","-1.71%"
"02/20/2025","610.38","611.54","611.68","607.02","36.55M","-0.42%"
"02/19/2025","612.93","610.08","613.23","609.56","31.01M","0.24%"
"02/18/2025","611.49","610.88","611.49","608.38","26.75M","0.29%"
"02/14/2025","609.70","609.94","610.99","609.07","26.91M","0.00%"
"02/13/2025","609.73","604.48","609.94","603.20","40.92M","1.06%"
"02/12/2025","603.36","599.20","604.55","598.51","45.08M","-0.32%"
"02/11/2025","605.31","602.55","605.86","602.43","30.06M","0.08%"
"02/10/2025","604.85","604.03","605.50","602.74","26.05M","0.68%"
"02/07/2025","600.77","606.89","608.13","600.05","50.79M","-0.92%"
"02/06/2025","606.32","605.99","606.45","602.63","35.77M","0.35%"
"02/05/2025","604.22","600.64","604.37","598.58","30.65M","0.41%"
"02/04/2025","601.78","597.83","602.30","597.28","33.46M","0.67%"
"02/03/2025","597.77","592.67","600.29","590.49","65.86M","-0.67%"
"01/31/2025","601.82","607.50","609.96","601.05","66.67M","-0.53%"
"01/30/2025","605.04","603.96","606.60","600.72","39.28M","0.54%"
"01/29/2025","601.81","603.72","604.13","599.22","37.18M","-0.45%"
"01/28/2025","604.52","600.62","605.37","597.25","44.43M","0.86%"
"01/27/2025","599.37","594.81","599.69","594.64","70.36M","-1.41%"
"01/24/2025","607.97","609.81","610.78","606.80","34.60M","-0.29%"
"01/23/2025","609.75","605.80","609.75","605.52","41.15M","0.55%"
"01/22/2025","606.44","605.92","607.82","605.36","48.20M","0.56%"
"01/21/2025","603.05","600.67","603.06","598.67","42.53M","0.92%"
"01/17/2025","597.58","596.96","599.36","595.61","58.07M","1.00%"
"01/16/2025","591.64","594.17","594.35","590.93","43.32M","-0.19%"
"01/15/2025","592.78","590.33","593.94","589.20","56.90M","1.82%"
"01/14/2025","582.19","584.36","585.00","578.35","48.42M","0.14%"
"01/13/2025","581.39","575.77","581.75","575.35","47.91M","0.16%"
"01/10/2025","580.49","585.88","585.95","578.55","73.11M","-1.53%"
"01/08/2025","589.49","588.70","590.58","585.20","47.30M","0.15%"
"01/07/2025","588.63","597.42","597.75","586.78","60.39M","-1.13%"
"01/06/2025","595.36","596.27","599.70","593.60","47.68M","0.58%"
"01/03/2025","591.95","587.53","592.60","586.43","37.89M","1.25%"
"01/02/2025","584.64","589.39","591.13","580.50","50.20M","-0.25%"
"12/31/2024","586.08","589.91","590.64","584.42","57.05M","-0.36%"
"12/30/2024","588.22","587.89","591.74","584.41","56.58M","-1.14%"
"12/27/2024","595.01","597.54","597.78","590.76","64.97M","-1.05%"
"12/26/2024","601.34","599.50","602.48","598.08","41.34M","0.01%"
"12/24/2024","601.30","596.06","601.34","595.47","33.16M","1.11%"
"12/23/2024","594.69","590.89","595.30","587.66","57.64M","0.60%"
"12/20/2024","591.15","581.77","595.75","580.91","125.72M","0.86%"
"12/19/2024","586.10","591.36","593.00","585.85","85.92M","-0.03%"
"12/18/2024","586.28","603.98","606.41","585.89","108.25M","-2.98%"
"12/17/2024","604.29","604.19","605.17","602.89","55.77M","-0.41%"
"12/16/2024","606.79","606.00","607.78","605.21","43.70M","0.43%"
"12/13/2024","604.21","606.40","607.13","602.81","35.90M","-0.02%"
"12/12/2024","604.33","606.58","607.16","604.33","31.54M","-0.52%"
"12/11/2024","607.46","605.78","608.43","605.50","28.68M","0.77%"
"12/10/2024","602.80","605.37","605.80","602.13","37.23M","-0.31%"
"12/09/2024","604.68","607.69","607.86","604.08","34.74M","-0.51%"
"12/06/2024","607.81","607.44","609.07","607.02","31.24M","0.19%"
"12/05/2024","606.66","607.66","608.48","606.30","28.76M","-0.16%"
"12/04/2024","607.66","605.63","607.91","604.95","42.79M","0.62%"
"12/03/2024","603.91","603.39","604.16","602.34","26.91M","0.05%"
"12/02/2024","603.63","602.97","604.32","602.47","31.75M","0.18%"
"11/29/2024","602.55","599.66","603.35","599.38","30.18M","0.62%"
"11/27/2024","598.83","600.46","600.85","597.28","34.00M","-0.30%"
"11/26/2024","600.65","598.80","601.33","598.07","45.62M","0.52%"
"11/25/2024","597.53","599.52","600.86","595.20","42.44M","0.34%"
"11/22/2024","595.51","593.66","596.15","593.15","38.23M","0.31%"
"11/21/2024","593.67","593.40","595.12","587.45","46.75M","0.54%"
"11/20/2024","590.50","590.38","590.79","584.63","50.03M","0.03%"
"11/19/2024","590.30","584.71","591.04","584.03","49.41M","0.37%"
"11/18/2024","588.15","586.22","589.49","585.34","37.08M","0.41%"
"11/15/2024","585.75","589.72","590.20","583.86","75.99M","-1.28%"
"11/14/2024","593.35","597.32","597.81","592.65","38.90M","-0.64%"
"11/13/2024","597.19","597.37","599.23","594.96","47.39M","0.05%"
"11/12/2024","596.90","598.68","599.29","594.37","43.01M","-0.31%"
"11/11/2024","598.76","599.81","600.17","597.00","37.59M","0.10%"
"11/08/2024","598.19","596.17","599.64","596.16","46.44M","0.43%"
"11/07/2024","595.61","593.08","596.65","593.00","47.23M","0.77%"
"11/06/2024","591.04","589.20","591.93","585.39","68.18M","2.49%"
"11/05/2024","576.70","570.74","576.74","570.52","39.48M","1.21%"
"11/04/2024","569.81","571.18","572.50","567.89","38.22M","-0.22%"
"11/01/2024","571.04","571.32","575.55","570.62","45.67M","0.42%"
"10/31/2024","568.64","575.56","575.63","568.44","60.18M","-1.96%"
"10/30/2024","580.01","581.29","583.32","579.29","41.44M","-0.30%"
"10/29/2024","581.77","579.85","582.91","578.43","42.90M","0.16%"
"10/28/2024","580.83","582.58","582.71","580.52","30.17M","0.31%"
"10/25/2024","579.04","581.51","584.46","578.08","47.27M","-0.03%"
"10/24/2024","579.24","579.98","580.06","576.57","34.98M","0.22%"
"10/23/2024","577.99","581.26","581.71","574.41","49.31M","-0.91%"
"10/22/2024","583.32","581.05","584.50","580.38","34.18M","-0.05%"
"10/21/2024","583.63","583.85","584.85","580.60","36.44M","-0.16%"
"10/18/2024","584.59","584.07","585.39","582.58","37.42M","0.38%"
"10/17/2024","582.35","585.91","586.12","582.16","34.39M","0.01%"
"10/16/2024","582.30","579.78","582.83","578.96","30.73M","0.43%"
"10/15/2024","579.78","584.59","584.90","578.54","54.20M","-0.78%"
"10/14/2024","584.32","581.22","585.27","580.73","36.22M","0.82%"
"10/11/2024","579.58","576.05","580.33","575.91","42.27M","0.60%"
"10/10/2024","576.13","575.77","577.58","574.49","44.14M","-0.18%"
"10/09/2024","577.14","573.16","577.71","572.55","37.91M","0.69%"
"10/08/2024","573.17","570.42","573.78","569.53","37.40M","0.95%"
"10/07/2024","567.80","571.30","571.96","566.63","49.96M","-0.90%"
"10/04/2024","572.98","572.35","573.36","568.10","43.01M","0.91%"
"10/03/2024","567.82","567.36","569.80","565.49","40.85M","-0.18%"
"10/02/2024","568.86","567.71","569.90","565.27","38.10M","0.04%"
"10/01/2024","568.62","573.40","574.06","566.00","72.67M","-0.90%"
"09/30/2024","573.76","570.42","574.38","568.08","63.66M","0.40%"
"09/27/2024","571.47","573.39","574.22","570.42","42.10M","-0.15%"
"09/26/2024","572.30","574.38","574.71","569.90","48.34M","0.40%"
"09/25/2024","570.04","571.14","571.89","568.91","38.43M","-0.22%"
"09/24/2024","571.30","570.48","571.36","567.60","46.81M","0.29%"
"09/23/2024","569.67","569.34","570.33","568.10","44.12M","0.25%"
"09/20/2024","568.25","567.84","569.31","565.17","77.50M","-0.48%"
"09/19/2024","570.98","571.01","572.88","568.08","75.32M","1.71%"
"09/18/2024","561.40","563.74","568.69","560.83","59.04M","-0.30%"
"09/17/2024","563.07","565.10","566.58","560.79","49.32M","0.04%"
"09/16/2024","562.84","561.74","563.11","559.90","36.66M","0.15%"
"09/13/2024","562.01","559.71","563.03","559.45","39.31M","0.52%"
"09/12/2024","559.09","555.01","559.40","552.74","51.89M","0.84%"
"09/11/2024","554.42","548.70","555.36","539.96","75.25M","1.03%"
"09/10/2024","548.79","548.36","549.15","543.38","36.39M","0.44%"
"09/09/2024","546.41","544.65","547.71","542.68","40.45M","1.12%"
"09/06/2024","540.36","549.94","551.60","539.44","68.49M","-1.68%"
"09/05/2024","549.61","550.89","553.80","547.10","44.26M","-0.24%"
"09/04/2024","550.95","550.20","554.43","549.46","47.22M","-0.20%"
"09/03/2024","552.08","560.47","560.81","549.51","60.60M","-2.06%"
"08/30/2024","563.68","560.77","564.20","557.14","62.70M","0.95%"
"08/29/2024","558.35","560.31","563.68","557.18","38.72M","0.01%"
"08/28/2024","558.30","561.21","561.65","555.04","41.07M","-0.58%"
"08/27/2024","561.56","559.49","562.06","558.32","32.69M","0.14%"
"08/26/2024","560.79","563.18","563.91","559.05","35.79M","-0.24%"
"08/23/2024","562.13","559.53","563.09","557.29","50.64M","1.06%"
"08/22/2024","556.22","562.56","563.18","554.98","56.12M","-0.78%"
"08/21/2024","560.62","559.77","562.11","554.73","41.51M","0.34%"
"08/20/2024","558.70","559.15","560.84","557.33","33.73M","-0.16%"
"08/19/2024","559.61","554.73","559.61","553.86","39.12M","0.96%"
"08/16/2024","554.31","551.42","555.02","551.26","44.43M","0.22%"
"08/15/2024","553.07","549.50","553.36","548.88","60.85M","1.71%"
"08/14/2024","543.75","542.85","544.96","540.12","42.45M","0.32%"
"08/13/2024","542.04","536.53","542.28","536.28","52.33M","1.64%"
"08/12/2024","533.27","534.21","535.73","530.95","42.54M","0.05%"
"08/09/2024","532.99","529.81","534.51","528.56","45.62M","0.44%"
"08/08/2024","530.65","523.91","531.29","521.84","63.28M","2.31%"
"08/07/2024","518.66","528.47","531.59","518.05","70.70M","-0.67%"
"08/06/2024","522.15","519.22","529.75","517.87","84.83M","0.92%"
"08/05/2024","517.38","511.64","523.58","510.27","146.27M","-2.91%"
"08/02/2024","532.90","535.75","536.99","528.60","82.79M","-1.86%"
"08/01/2024","543.01","552.57","554.87","539.43","76.43M","-1.42%"
"07/31/2024","550.81","548.98","553.50","547.58","65.66M","1.63%"
"07/30/2024","542.00","546.26","547.34","538.52","46.85M","-0.51%"
"07/29/2024","544.76","546.02","547.05","542.72","39.52M","0.06%"
"07/26/2024","544.44","542.28","547.19","541.49","53.76M","1.12%"
"07/25/2024","538.41","541.35","547.46","537.45","61.16M","-0.52%"
"07/24/2024","541.23","548.86","549.17","540.29","74.52M","-2.27%"
"07/23/2024","553.78","554.54","556.73","553.28","34.44M","-0.16%"
"07/22/2024","554.65","553.00","555.27","551.02","43.35M","1.03%"
"07/19/2024","548.99","552.42","554.08","547.91","65.51M","-0.66%"
"07/18/2024","552.66","558.51","559.52","550.43","56.27M","-0.77%"
"07/17/2024","556.94","558.80","560.51","556.61","57.12M","-1.40%"
"07/16/2024","564.86","562.86","565.16","562.10","36.48M","0.59%"
"07/15/2024","561.53","562.03","564.84","559.63","40.58M","0.28%"
"07/12/2024","559.99","557.63","563.67","557.15","53.08M","0.63%"
"07/11/2024","556.48","561.44","562.33","555.83","53.05M","-0.86%"
"07/10/2024","561.32","557.07","561.67","556.77","38.70M","0.99%"
"07/09/2024","555.82","556.26","557.18","555.52","27.31M","0.10%"
"07/08/2024","555.28","555.44","556.25","554.19","36.11M","0.12%"
"07/05/2024","554.64","551.77","555.05","551.12","41.49M","0.58%"
"07/03/2024","551.46","548.69","551.83","548.65","32.79M","0.45%"
"07/02/2024","549.01","543.70","549.01","543.65","40.43M","0.67%"
"07/01/2024","545.34","545.63","545.88","542.52","40.30M","0.21%"
"06/28/2024","544.22","547.16","550.28","542.95","76.14M","-0.39%"
"06/27/2024","546.37","545.37","546.96","544.61","35.04M","0.16%"
"06/26/2024","545.51","543.69","546.24","543.03","38.55M","0.12%"
"06/25/2024","544.83","543.99","545.20","542.44","38.27M","0.39%"
"06/24/2024","542.74","544.33","546.95","542.62","45.53M","-0.33%"
"06/21/2024","544.51","544.40","545.65","543.02","64.51M","-0.46%"
"06/20/2024","547.00","549.44","550.12","545.18","70.33M","-0.27%"
"06/18/2024","548.49","547.16","548.62","546.73","41.38M","0.25%"
"06/17/2024","547.10","542.08","548.53","541.61","55.84M","0.80%"
"06/14/2024","542.78","540.88","542.81","539.85","40.09M","0.06%"
"06/13/2024","542.45","543.15","543.33","539.59","44.76M","0.20%"
"06/12/2024","541.36","541.63","544.12","540.30","63.25M","0.82%"
"06/11/2024","536.95","534.07","537.01","532.05","36.38M","0.24%"
"06/10/2024","535.66","533.18","535.99","532.57","35.73M","0.31%"
"06/07/2024","534.01","533.66","536.89","532.53","43.22M","-0.12%"
"06/06/2024","534.66","534.98","535.42","532.68","30.81M","0.00%"
"06/05/2024","534.67","530.77","534.69","528.73","47.61M","1.19%"
"06/04/2024","528.39","526.46","529.15","524.96","34.63M","0.11%"
"06/03/2024","527.80","529.02","529.31","522.60","46.84M","0.08%"
"05/31/2024","527.37","523.59","527.50","518.36","90.79M","0.91%"
"05/30/2024","522.61","524.52","525.20","521.33","46.47M","-0.66%"
"05/29/2024","526.10","525.68","527.31","525.37","45.19M","-0.70%"
"05/28/2024","529.81","530.27","530.51","527.11","36.27M","0.07%"
"05/24/2024","529.44","527.85","530.27","526.88","41.29M","0.66%"
"05/23/2024","525.96","532.96","533.07","524.72","57.21M","-0.73%"
"05/22/2024","529.83","530.65","531.38","527.60","48.39M","-0.29%"
"05/21/2024","531.36","529.28","531.52","529.07","33.44M","0.25%"
"05/20/2024","530.06","529.57","531.56","529.17","37.76M","0.12%"
"05/17/2024","529.45","528.81","529.52","527.32","59.19M","0.14%"
"05/16/2024","528.69","529.88","531.52","528.54","50.24M","-0.21%"
"05/15/2024","529.78","525.83","530.08","525.18","59.50M","1.24%"
"05/14/2024","523.30","521.11","523.83","520.56","57.54M","0.46%"
"05/13/2024","520.91","522.56","522.67","519.74","36.72M","0.01%"
"05/10/2024","520.84","521.81","522.64","519.59","52.23M","0.13%"
"05/09/2024","520.17","517.38","520.21","516.71","43.64M","0.58%"
"05/08/2024","517.19","515.26","517.74","515.14","42.05M","0.01%"
"05/07/2024","517.14","517.56","518.57","516.45","52.56M","0.11%"
"05/06/2024","516.57","513.75","516.61","513.30","47.26M","1.03%"
"05/03/2024","511.29","511.16","512.55","508.56","72.76M","1.24%"
"05/02/2024","505.03","504.15","505.89","499.55","62.55M","0.94%"
"05/01/2024","500.35","501.38","508.19","499.86","80.24M","-0.32%"
"04/30/2024","501.98","508.56","509.56","501.98","77.48M","-1.58%"
"04/29/2024","510.06","510.09","510.75","507.25","46.42M","0.35%"
"04/26/2024","508.26","506.35","509.88","505.70","64.31M","0.95%"
"04/25/2024","503.49","499.18","504.27","497.49","69.12M","-0.38%"
"04/24/2024","505.41","506.56","507.37","503.13","55.93M","-0.05%"
"04/23/2024","505.65","501.78","506.09","499.53","64.63M","1.19%"
"04/22/2024","499.72","497.83","502.38","495.43","67.96M","0.92%"
"04/19/2024","495.16","499.44","500.45","493.86","102.21M","-0.87%"
"04/18/2024","499.52","501.98","504.13","498.56","74.55M","-0.21%"
"04/17/2024","500.55","506.05","506.22","499.12","75.91M","-0.59%"
"04/16/2024","503.53","504.94","506.50","502.21","73.48M","-0.18%"
"04/15/2024","504.45","515.13","515.30","503.58","92.10M","-1.25%"
"04/12/2024","510.85","514.37","515.82","509.08","92.56M","-1.38%"
"04/11/2024","518.00","515.68","519.48","512.08","70.10M","0.75%"
"04/10/2024","514.12","513.48","516.16","512.09","82.65M","-1.00%"
"04/09/2024","519.32","520.50","520.75","514.35","68.12M","0.12%"
"04/08/2024","518.72","519.15","520.18","517.89","48.40M","0.06%"
"04/05/2024","518.43","514.46","520.44","514.01","74.55M","1.04%"
"04/04/2024","513.07","523.52","523.87","512.76","96.86M","-1.22%"
"04/03/2024","519.41","517.72","520.95","517.66","59.16M","0.11%"
"04/02/2024","518.84","518.24","518.98","516.48","74.23M","-0.64%"
"04/01/2024","522.16","523.83","524.38","520.97","62.48M","-0.17%"
"03/28/2024","523.07","523.21","524.61","522.78","96.29M","-0.02%"
"03/27/2024","523.17","521.71","523.21","519.48","83.00M","0.84%"
"03/26/2024","518.81","521.23","521.58","518.40","65.46M","-0.18%"
"03/25/2024","519.77","519.80","520.95","519.61","48.51M","-0.28%"
"03/22/2024","521.21","522.11","522.60","520.97","79.07M","-0.19%"
"03/21/2024","522.20","523.39","524.11","521.91","60.26M","0.33%"
"03/20/2024","520.48","515.77","520.62","515.08","69.59M","0.92%"
"03/19/2024","515.71","512.15","515.99","511.12","60.76M","0.56%"
"03/18/2024","512.86","514.00","515.48","512.44","88.89M","0.59%"
"03/15/2024","509.83","510.21","511.70","508.12","107.65M","-0.99%"
"03/14/2024","514.95","516.97","517.13","511.82","110.17M","-0.20%"
"03/13/2024","515.97","517.11","517.29","514.49","55.10M","-0.16%"
"03/12/2024","516.78","513.45","517.38","510.86","73.11M","1.08%"
"03/11/2024","511.28","510.48","511.88","508.50","62.56M","-0.09%"
"03/08/2024","511.72","515.46","518.22","511.13","86.53M","-0.60%"
"03/07/2024","514.81","513.14","515.89","509.81","58.65M","0.99%"
"03/06/2024","509.75","510.55","512.07","508.42","68.38M","0.51%"
"03/05/2024","507.18","510.24","510.70","504.91","72.86M","-1.00%"
"03/04/2024","512.30","512.03","514.20","512.00","49.80M","-0.11%"
"03/01/2024","512.85","508.98","513.29","508.56","76.84M","0.94%"
"02/29/2024","508.08","508.07","509.74","505.35","83.92M","0.36%"
"02/28/2024","506.26","505.33","506.86","504.96","56.51M","-0.13%"
"02/27/2024","506.93","506.70","507.16","504.75","48.85M","0.19%"
"02/26/2024","505.99","508.30","508.75","505.86","50.39M","-0.37%"
"02/23/2024","507.85","509.27","510.13","507.10","61.32M","0.07%"
"02/22/2024","507.50","504.01","508.49","503.02","76.40M","2.07%"
"02/21/2024","497.21","495.42","497.37","493.56","59.60M","0.09%"
"02/20/2024","496.76","497.72","498.41","494.45","71.74M","-0.55%"
"02/16/2024","499.51","501.70","502.87","498.75","75.53M","-0.50%"
"02/15/2024","502.01","499.29","502.20","498.80","61.68M","0.69%"
"02/14/2024","498.57","496.79","499.07","494.40","68.39M","0.91%"
"02/13/2024","494.08","494.53","497.09","490.71","113.10M","-1.38%"
"02/12/2024","500.98","501.17","503.50","500.24","56.50M","-0.04%"
"02/09/2024","501.20","498.84","501.65","498.49","63.98M","0.58%"
"02/08/2024","498.32","498.10","498.71","497.26","52.34M","0.04%"
"02/07/2024","498.10","496.29","498.53","495.36","70.56M","0.83%"
"02/06/2024","493.98","493.52","494.32","492.05","55.92M","0.29%"
"02/05/2024","492.55","493.70","494.38","490.23","75.76M","-0.36%"
"02/02/2024","494.35","489.65","496.05","489.30","99.23M","1.05%"
"02/01/2024","489.20","484.63","489.23","483.80","91.89M","1.31%"
"01/31/2024","482.88","488.62","489.08","482.86","126.01M","-1.63%"
"01/30/2024","490.89","490.56","491.62","490.11","58.62M","-0.08%"
"01/29/2024","491.27","487.73","491.42","487.17","61.32M","0.79%"
"01/26/2024","487.41","487.59","489.12","486.54","76.64M","-0.13%"
"01/25/2024","488.03","487.58","488.30","485.39","72.52M","0.54%"
"01/24/2024","485.39","487.81","488.77","484.88","81.77M","0.11%"
"01/23/2024","484.86","484.01","485.11","482.89","49.95M","0.29%"
"01/22/2024","483.45","484.01","485.22","482.78","75.84M","0.21%"
"01/19/2024","482.43","477.65","482.72","476.54","110.83M","1.25%"
"01/18/2024","476.49","474.01","477.06","472.42","91.86M","0.89%"
"01/17/2024","472.29","471.82","472.79","469.87","68.84M","-0.56%"
"01/16/2024","474.93","475.26","476.61","473.06","85.01M","-0.37%"
"01/12/2024","476.68","477.84","478.60","475.23","58.03M","0.07%"
"01/11/2024","476.35","477.59","478.12","472.26","77.94M","-0.04%"
"01/10/2024","476.56","474.16","477.45","473.87","67.31M","0.57%"
"01/09/2024","473.88","471.87","474.93","471.35","65.93M","-0.15%"
"01/08/2024","474.60","468.43","474.75","468.30","74.88M","1.43%"
"01/05/2024","467.92","467.49","470.44","466.43","86.12M","0.14%"
"01/04/2024","467.28","468.30","470.96","467.05","84.23M","-0.32%"
"01/03/2024","468.79","470.43","471.19","468.17","103.59M","-0.82%"
"01/02/2024","472.65","472.16","473.67","470.49","123.01M","-0.56%"
"12/29/2023","475.31","476.49","477.03","473.30","122.28M","-0.29%"
"12/28/2023","476.69","476.88","477.55","476.26","77.16M","0.04%"
"12/27/2023","476.51","475.44","476.66","474.89","68.00M","0.18%"
"12/26/2023","475.65","474.07","476.58","473.99","55.39M","0.42%"
"12/22/2023","473.65","473.86","475.38","471.70","67.16M","0.20%"
"12/21/2023","472.70","471.33","472.98","468.84","86.67M","0.95%"
"12/20/2023","468.26","473.96","475.89","467.82","102.92M","-1.39%"
"12/19/2023","474.84","472.53","474.92","472.45","55.76M","0.61%"
"12/18/2023","471.97","470.98","472.98","469.89","70.38M","0.56%"
"12/15/2023","469.33","469.49","470.70","467.43","141.55M","-0.57%"
"12/14/2023","472.01","472.50","473.73","469.25","119.03M","0.32%"
"12/13/2023","470.50","464.49","470.76","464.12","93.28M","1.38%"
"12/12/2023","464.10","461.63","464.20","460.60","68.33M","0.46%"
"12/11/2023","461.99","459.69","462.17","459.47","65.00M","0.39%"
"12/08/2023","460.20","457.46","460.74","457.21","83.19M","0.43%"
"12/07/2023","458.23","456.91","458.90","456.29","67.00M","0.76%"
"12/06/2023","454.76","458.81","458.84","454.31","69.12M","-0.40%"
"12/05/2023","456.60","455.26","457.59","454.87","69.79M","-0.02%"
"12/04/2023","456.69","455.60","459.12","454.34","72.43M","-0.52%"
"12/01/2023","459.10","455.77","459.65","455.16","89.18M","0.59%"
"11/30/2023","456.40","455.48","456.76","453.34","79.75M","0.39%"
"11/29/2023","454.61","457.15","458.32","454.20","63.15M","-0.07%"
"11/28/2023","454.93","454.08","456.27","453.50","62.12M","0.10%"
"11/27/2023","454.48","454.65","455.49","454.08","50.51M","-0.18%"
"11/24/2023","455.30","455.07","455.50","454.73","29.74M","0.06%"
"11/22/2023","455.02","454.98","456.38","453.89","59.45M","0.39%"
"11/21/2023","453.27","453.18","454.13","451.96","49.24M","-0.22%"
"11/20/2023","454.26","450.53","455.13","450.52","70.06M","0.77%"
"11/17/2023","450.79","450.24","451.42","449.29","83.19M","0.12%"
"11/16/2023","450.23","449.22","450.56","448.12","66.67M","0.12%"
"11/15/2023","449.68","450.11","451.38","448.80","77.33M","0.21%"
"11/14/2023","448.73","446.32","450.06","446.09","97.18M","1.94%"
"11/13/2023","440.19","439.23","441.33","438.42","52.24M","-0.10%"
"11/10/2023","440.61","435.98","440.93","433.83","89.56M","1.56%"
"11/09/2023","433.84","438.43","438.47","433.40","83.17M","-0.78%"
"11/08/2023","437.25","437.55","438.09","434.87","61.75M","0.07%"
"11/07/2023","436.93","435.69","437.58","434.51","64.26M","0.28%"
"11/06/2023","435.69","435.47","436.15","433.68","67.83M","0.23%"
"11/03/2023","434.69","433.14","436.29","433.01","100.17M","0.91%"
"11/02/2023","430.76","426.58","430.92","426.56","94.94M","1.92%"
"11/01/2023","422.66","419.20","423.50","418.65","98.07M","1.07%"
"10/31/2023","418.20","416.18","418.53","414.21","79.67M","0.63%"
"10/30/2023","415.59","413.56","416.68","412.22","86.56M","1.20%"
"10/27/2023","410.68","414.19","414.60","409.21","107.37M","-0.45%"
"10/26/2023","412.55","416.45","417.33","411.60","115.16M","-1.20%"
"10/25/2023","417.55","421.89","421.92","417.02","94.22M","-1.44%"
"10/24/2023","423.63","422.65","424.82","420.74","78.56M","0.75%"
"10/23/2023","420.46","419.61","424.45","417.80","92.04M","-0.17%"
"10/20/2023","421.19","425.98","426.54","421.08","123.92M","-1.23%"
"10/19/2023","426.43","430.95","432.82","425.73","121.32M","-0.88%"
"10/18/2023","430.21","434.19","435.18","429.09","93.56M","-1.33%"
"10/17/2023","436.02","432.81","438.14","432.45","75.32M","0.00%"
"10/16/2023","436.04","433.82","437.14","433.57","75.43M","1.05%"
"10/13/2023","431.50","435.21","436.45","429.88","95.20M","-0.50%"
"10/12/2023","433.66","436.95","437.33","431.23","81.15M","-0.61%"
"10/11/2023","436.32","435.64","436.58","433.18","62.45M","0.41%"
"10/10/2023","434.54","432.94","437.22","432.53","78.61M","0.52%"
"10/09/2023","432.29","427.58","432.88","427.01","80.37M","0.64%"
"10/06/2023","429.54","421.97","431.13","420.60","113.27M","1.19%"
"10/05/2023","424.50","424.36","425.37","421.17","70.14M","-0.04%"
"10/04/2023","424.66","422.07","425.43","420.56","87.45M","0.73%"
"10/03/2023","421.59","425.06","427.37","420.18","103.76M","-1.34%"
"10/02/2023","427.31","426.62","428.60","424.46","83.80M","-0.04%"
"09/29/2023","427.48","431.67","431.85","425.91","115.11M","-0.24%"
"09/28/2023","428.52","425.48","430.25","424.87","92.26M","0.58%"
"09/27/2023","426.05","427.09","427.67","422.29","104.71M","0.04%"
"09/26/2023","425.88","429.09","429.82","425.02","96.17M","-1.47%"
"09/25/2023","432.23","429.17","432.27","428.72","70.87M","0.42%"
"09/22/2023","430.42","432.45","434.10","429.99","100.83M","-0.22%"
"09/21/2023","431.39","435.70","435.97","431.23","104.10M","-1.65%"
"09/20/2023","438.64","444.01","444.43","438.43","82.56M","-0.92%"
"09/19/2023","442.71","442.68","443.29","439.94","66.51M","-0.21%"
"09/18/2023","443.63","443.05","444.97","442.56","55.75M","0.06%"
"09/15/2023","443.37","447.14","447.48","442.92","111.85M","-1.55%"
"09/14/2023","450.36","449.07","451.08","447.71","83.43M","0.86%"
"09/13/2023","446.51","446.22","447.71","445.08","60.20M","0.12%"
"09/12/2023","445.99","446.95","448.53","445.39","67.57M","-0.55%"
"09/11/2023","448.45","448.24","448.77","446.47","60.18M","0.66%"
"09/08/2023","445.52","444.90","447.11","444.53","62.07M","0.15%"
"09/07/2023","444.85","443.11","445.55","442.75","70.36M","-0.31%"
"09/06/2023","446.22","448.40","448.51","443.81","70.76M","-0.67%"
"09/05/2023","449.24","450.73","451.06","449.17","55.17M","-0.43%"
"09/01/2023","451.19","453.17","453.67","449.68","58.94M","0.19%"
"08/31/2023","450.35","451.65","452.83","450.16","66.08M","-0.15%"
"08/30/2023","451.01","449.51","451.67","448.78","69.05M","0.41%"
"08/29/2023","449.16","442.65","449.45","442.46","83.08M","1.45%"
"08/28/2023","442.76","442.24","443.40","439.97","61.60M","0.63%"
"08/25/2023","439.97","438.68","441.30","435.00","102.33M","0.70%"
"08/24/2023","436.89","444.69","445.22","436.86","88.52M","-1.39%"
"08/23/2023","443.03","439.25","443.67","439.10","68.44M","1.11%"
"08/22/2023","438.15","441.18","441.18","437.57","65.06M","-0.27%"
"08/21/2023","439.34","437.55","440.11","435.32","68.72M","0.65%"
"08/18/2023","436.50","433.37","437.57","433.01","98.85M","0.05%"
"08/17/2023","436.29","441.16","441.43","435.75","95.71M","-0.76%"
"08/16/2023","439.64","442.46","444.18","439.53","80.11M","-0.73%"
"08/15/2023","442.89","446.27","446.64","442.30","75.71M","-1.16%"
"08/14/2023","448.11","444.70","448.11","444.38","47.87M","0.55%"
"08/11/2023","445.65","443.97","446.70","443.35","68.69M","-0.06%"
"08/10/2023","445.91","448.19","451.70","444.70","93.01M","0.04%"
"08/09/2023","445.75","449.03","449.20","444.96","78.79M","-0.67%"
"08/08/2023","448.75","448.08","450.70","445.27","71.36M","-0.43%"
"08/07/2023","450.71","448.71","450.86","447.99","58.36M","0.87%"
"08/04/2023","446.81","450.72","452.89","446.27","100.13M","-0.45%"
"08/03/2023","448.84","448.04","450.79","447.37","64.42M","-0.29%"
"08/02/2023","450.13","453.25","453.52","449.35","93.93M","-1.39%"
"08/01/2023","456.48","456.27","457.25","455.49","55.50M","-0.29%"
"07/31/2023","457.79","457.41","458.16","456.05","62.04M","0.19%"
"07/28/2023","456.92","455.88","457.78","452.49","80.01M","0.98%"
"07/27/2023","452.49","459.02","459.44","451.55","92.19M","-0.66%"
"07/26/2023","455.51","454.47","456.99","453.38","71.05M","0.02%"
"07/25/2023","455.44","453.92","456.73","453.87","55.19M","0.27%"
"07/24/2023","454.20","453.37","455.04","452.30","54.02M","0.45%"
"07/21/2023","452.18","453.96","454.17","452.17","71.28M","0.00%"
"07/20/2023","452.18","454.17","455.10","451.44","70.59M","-0.66%"
"07/19/2023","455.20","455.01","456.43","454.11","65.89M","0.22%"
"07/18/2023","454.19","450.50","454.86","450.05","80.74M","0.74%"
"07/17/2023","450.84","449.13","451.93","449.08","52.68M","0.35%"
"07/14/2023","449.28","450.48","451.36","448.49","69.82M","-0.06%"
"07/13/2023","449.56","447.90","450.38","447.45","72.43M","0.79%"
"07/12/2023","446.02","446.39","447.48","444.91","91.92M","0.80%"
"07/11/2023","442.46","440.45","442.97","439.44","64.46M","0.64%"
"07/10/2023","439.66","438.18","439.84","437.58","62.44M","0.25%"
"07/07/2023","438.55","438.63","442.64","438.30","86.13M","-0.25%"
"07/06/2023","439.66","439.42","440.10","437.06","80.66M","-0.78%"
"07/05/2023","443.13","441.91","443.89","441.90","58.42M","-0.15%"
"07/03/2023","443.79","442.92","444.08","442.63","32.79M","0.12%"
"06/30/2023","443.28","441.44","444.30","441.11","104.96M","1.18%"
"06/29/2023","438.11","435.96","438.28","435.54","67.88M","0.39%"
"06/28/2023","436.39","435.05","437.44","434.41","75.64M","0.05%"
"06/27/2023","436.17","432.35","436.81","431.88","72.81M","1.10%"
"06/26/2023","431.44","432.62","434.61","431.19","72.82M","-0.41%"
"06/23/2023","433.21","432.93","435.06","432.47","92.07M","-0.76%"
"06/22/2023","436.51","433.95","436.62","433.60","70.64M","0.36%"
"06/21/2023","434.94","436.16","436.99","434.33","76.98M","-0.51%"
"06/20/2023","437.18","437.45","438.37","435.03","76.16M","-0.52%"
"06/16/2023","439.46","443.02","443.61","438.97","114.17M","-0.71%"
"06/15/2023","442.60","436.33","443.90","436.23","110.30M","1.24%"
"06/14/2023","437.18","437.01","439.06","433.59","100.61M","0.12%"
"06/13/2023","436.66","435.32","437.33","434.63","95.90M","0.66%"
"06/12/2023","433.80","430.92","433.88","430.17","76.26M","0.91%"
"06/09/2023","429.90","429.96","431.99","428.87","85.65M","0.18%"
"06/08/2023","429.13","426.62","429.60","425.82","61.95M","0.60%"
"06/07/2023","426.55","428.44","429.62","426.11","85.37M","-0.35%"
"06/06/2023","428.03","426.67","428.58","425.99","64.02M","0.22%"
"06/05/2023","427.10","428.28","429.67","426.37","70.32M","-0.19%"
"06/02/2023","427.92","424.50","428.74","423.95","91.43M","1.45%"
"06/01/2023","421.82","418.09","422.92","416.79","88.87M","0.95%"
"05/31/2023","417.85","418.28","419.22","416.22","110.81M","-0.55%"
"05/30/2023","420.18","422.03","422.58","418.73","72.22M","0.04%"
"05/26/2023","420.02","415.33","420.77","415.25","93.83M","1.30%"
"05/25/2023","414.65","414.74","416.16","412.41","90.96M","0.87%"
"05/24/2023","411.09","412.42","412.82","409.88","89.21M","-0.72%"
"05/23/2023","414.09","417.08","418.72","413.68","86.38M","-1.12%"
"05/22/2023","418.79","418.64","420.39","417.35","60.75M","0.04%"
"05/19/2023","418.62","420.17","420.72","417.35","103.79M","-0.15%"
"05/18/2023","419.23","414.90","419.67","414.67","97.18M","0.96%"
"05/17/2023","415.23","412.35","415.86","410.64","87.29M","1.21%"
"05/16/2023","410.25","411.86","412.82","410.24","57.71M","-0.67%"
"05/15/2023","413.01","412.22","413.43","410.23","54.29M","0.35%"
"05/12/2023","411.59","413.42","413.64","409.07","70.48M","-0.13%"
"05/11/2023","412.13","411.95","412.43","409.97","70.16M","-0.17%"
"05/10/2023","412.85","413.88","414.54","408.87","96.14M","0.47%"
"05/09/2023","410.93","411.13","412.09","410.69","49.22M","-0.44%"
"05/08/2023","412.74","412.97","413.24","411.28","50.05M","0.03%"
"05/05/2023","412.63","408.91","413.72","408.64","87.89M","1.85%"
"05/04/2023","405.13","406.93","407.27","403.74","94.90M","-0.71%"
"05/03/2023","408.02","411.36","413.87","407.77","91.53M","-0.69%"
"05/02/2023","410.84","414.77","414.82","407.82","104.00M","-1.12%"
"05/01/2023","415.51","415.47","417.62","415.27","62.12M","-0.10%"
"04/28/2023","415.93","411.49","415.94","411.43","89.43M","0.85%"
"04/27/2023","412.41","407.00","412.69","406.74","92.97M","1.99%"
"04/26/2023","404.36","406.72","407.84","403.78","80.45M","-0.42%"
"04/25/2023","406.08","410.58","411.16","406.02","97.77M","-1.59%"
"04/24/2023","412.63","411.99","413.07","410.60","64.33M","0.10%"
"04/21/2023","412.20","412.19","412.68","410.17","73.46M","0.08%"
"04/20/2023","411.88","411.21","413.70","410.27","75.84M","-0.55%"
"04/19/2023","414.14","412.22","415.08","412.16","55.23M","-0.02%"
"04/18/2023","414.21","415.58","415.72","412.78","63.56M","0.07%"
"04/17/2023","413.94","412.37","413.96","411.08","66.44M","0.36%"
"04/14/2023","412.46","412.81","415.09","410.06","78.16M","-0.24%"
"04/13/2023","413.47","409.18","413.84","407.99","85.81M","1.33%"
"04/12/2023","408.05","411.87","412.17","407.44","86.42M","-0.41%"
"04/11/2023","409.72","410.26","411.18","408.92","59.30M","0.03%"
"04/10/2023","409.61","406.61","409.69","405.97","63.68M","0.10%"
"04/06/2023","409.19","406.77","409.48","405.68","63.74M","0.39%"
"04/05/2023","407.60","407.91","408.70","405.88","65.20M","-0.26%"
"04/04/2023","408.67","411.62","411.92","407.24","66.60M","-0.55%"
"04/03/2023","410.95","408.85","411.37","408.44","67.39M","0.38%"
"03/31/2023","409.39","404.66","409.70","404.55","112.06M","1.41%"
"03/30/2023","403.70","404.09","404.35","401.76","69.84M","0.59%"
"03/29/2023","401.35","399.92","401.60","398.68","77.50M","1.45%"
"03/28/2023","395.60","395.77","396.49","393.69","62.87M","-0.22%"
"03/27/2023","396.49","398.12","398.92","395.56","74.01M","0.19%"
"03/24/2023","395.75","391.84","395.84","389.40","107.77M","0.66%"
"03/23/2023","393.17","395.09","399.29","390.35","119.35M","0.27%"
"03/22/2023","392.11","398.73","402.49","392.07","111.75M","-1.70%"
"03/21/2023","398.91","397.24","399.41","395.58","91.52M","1.31%"
"03/20/2023","393.74","390.80","394.17","390.07","93.06M","0.96%"
"03/17/2023","389.99","393.22","394.40","388.55","140.55M","-1.55%"
"03/16/2023","396.11","386.82","396.47","386.29","143.75M","1.75%"
"03/15/2023","389.28","385.89","389.49","383.71","173.00M","-0.63%"
"03/14/2023","391.73","390.50","393.45","387.05","149.75M","1.65%"
"03/13/2023","385.36","381.81","390.39","380.65","157.79M","-0.14%"
"03/10/2023","385.91","390.99","393.16","384.32","189.25M","-1.44%"
"03/09/2023","391.56","399.74","401.48","390.53","111.95M","-1.84%"
"03/08/2023","398.92","398.39","399.71","396.59","74.75M","0.16%"
"03/07/2023","398.27","404.42","404.67","397.63","108.31M","-1.53%"
"03/06/2023","404.47","405.05","407.45","404.01","72.80M","0.07%"
"03/03/2023","404.19","399.71","404.45","399.03","90.12M","1.60%"
"03/02/2023","397.81","392.68","398.69","392.33","85.40M","0.78%"
"03/01/2023","394.74","395.41","396.69","393.38","99.71M","-0.38%"
"02/28/2023","396.26","397.23","399.28","396.15","96.44M","-0.37%"
"02/27/2023","397.73","399.87","401.29","396.75","80.44M","0.34%"
"02/24/2023","396.38","395.42","397.25","393.64","108.19M","-1.07%"
"02/23/2023","400.66","401.56","402.20","396.25","96.24M","0.53%"
"02/22/2023","398.54","399.52","401.13","397.02","83.74M","-0.14%"
"02/21/2023","399.09","403.06","404.16","398.82","82.66M","-2.01%"
"02/17/2023","407.26","406.06","407.51","404.05","89.26M","-0.25%"
"02/16/2023","408.28","408.79","412.91","408.14","76.43M","-1.38%"
"02/15/2023","413.98","410.35","414.06","409.47","61.69M","0.32%"
"02/14/2023","412.64","411.24","415.05","408.51","88.39M","-0.05%"
"02/13/2023","412.83","408.72","412.97","408.24","64.91M","1.17%"
"02/10/2023","408.04","405.86","408.44","405.01","70.77M","0.23%"
"02/09/2023","407.09","414.41","414.57","405.81","78.69M","-0.87%"
"02/08/2023","410.65","413.13","414.53","409.93","76.23M","-1.09%"
"02/07/2023","415.19","408.87","416.49","407.57","90.99M","1.31%"
"02/06/2023","409.83","409.79","411.29","408.10","60.30M","-0.61%"
"02/03/2023","412.35","411.59","416.97","411.09","94.74M","-1.06%"
"02/02/2023","416.78","414.86","418.31","412.88","101.65M","1.46%"
"02/01/2023","410.80","405.21","413.67","402.35","101.46M","1.06%"
"01/31/2023","406.48","401.13","406.53","400.77","86.81M","1.47%"
"01/30/2023","400.59","402.80","405.13","400.28","74.20M","-1.25%"
"01/27/2023","405.68","403.65","408.16","403.44","68.35M","0.23%"
"01/26/2023","404.75","403.13","404.92","400.03","72.29M","1.10%"
"01/25/2023","400.35","395.95","400.70","393.56","84.80M","0.04%"
"01/24/2023","400.20","398.88","401.15","397.64","59.52M","-0.11%"
"01/23/2023","400.63","396.72","402.64","395.72","84.18M","1.20%"
"01/20/2023","395.88","390.10","396.04","388.38","91.81M","1.86%"
"01/19/2023","388.64","389.36","391.08","387.26","86.96M","-0.73%"
"01/18/2023","391.49","399.01","400.12","391.28","99.63M","-1.58%"
"01/17/2023","397.77","398.48","400.23","397.06","62.68M","-0.18%"
"01/13/2023","398.50","393.62","399.10","393.34","63.90M","0.39%"
"01/12/2023","396.96","396.67","398.48","392.42","90.16M","0.36%"
"01/11/2023","395.52","392.23","395.60","391.38","68.88M","1.26%"
"01/10/2023","390.58","387.25","390.65","386.27","65.36M","0.70%"
"01/09/2023","387.86","390.37","393.70","387.67","73.98M","-0.06%"
"01/06/2023","388.08","382.61","389.25","379.41","104.19M","2.29%"
"01/05/2023","379.38","381.72","381.84","378.76","76.97M","-1.14%"
"01/04/2023","383.76","383.18","385.88","380.00","85.93M","0.77%"
"01/03/2023","380.82","384.37","386.43","377.83","74.85M","-0.42%"
"12/30/2022","382.43","380.64","382.58","378.43","84.02M","-0.26%"
"12/29/2022","383.44","379.63","384.35","379.08","66.97M","1.80%"
"12/28/2022","376.66","381.33","383.39","376.42","70.91M","-1.24%"
"12/27/2022","381.40","382.79","383.15","379.65","51.64M","-0.39%"
"12/23/2022","382.91","379.65","383.06","378.03","59.86M","0.58%"
"12/22/2022","380.72","383.05","386.21","374.77","100.12M","-1.43%"
"12/21/2022","386.23","383.25","387.41","382.69","78.17M","1.50%"
"12/20/2022","380.54","379.23","382.23","377.85","74.43M","0.14%"
"12/19/2022","380.02","383.47","383.82","378.28","79.88M","-0.85%"
"12/16/2022","383.27","385.18","386.58","381.04","119.86M","-1.63%"
"12/15/2022","389.63","394.30","395.25","387.89","117.71M","-2.45%"
"12/14/2022","399.40","401.61","405.50","396.31","108.11M","-0.64%"
"12/13/2022","401.97","410.22","410.49","399.07","123.78M","0.76%"
"12/12/2022","398.95","394.11","398.95","393.41","75.41M","1.44%"
"12/09/2022","393.28","394.94","397.62","393.15","81.45M","-0.75%"
"12/08/2022","396.24","395.14","397.36","393.27","60.74M","0.78%"
"12/07/2022","393.16","392.94","395.64","391.97","65.93M","-0.17%"
"12/06/2022","393.83","399.42","399.99","391.64","77.97M","-1.44%"
"12/05/2022","399.59","403.95","404.93","398.17","77.29M","-1.80%"
"12/02/2022","406.91","402.25","407.86","402.14","85.34M","-0.12%"
"12/01/2022","407.38","408.77","410.00","404.75","76.40M","-0.07%"
"11/30/2022","407.68","395.49","407.68","393.48","144.57M","3.15%"
"11/29/2022","395.23","396.05","397.30","393.30","52.31M","-0.17%"
"11/28/2022","395.91","399.09","400.81","395.11","68.02M","-1.60%"
"11/25/2022","402.33","401.83","402.91","401.54","30.55M","-0.02%"
"11/23/2022","402.42","399.55","402.93","399.31","68.26M","0.63%"
"11/22/2022","399.90","396.63","400.07","395.15","60.43M","1.35%"
"11/21/2022","394.59","394.64","395.82","392.66","51.24M","-0.36%"
"11/18/2022","396.03","397.74","397.81","393.04","92.92M","0.45%"
"11/17/2022","394.24","390.46","394.95","390.14","74.50M","-0.31%"
"11/16/2022","395.45","396.78","397.78","394.79","68.51M","-0.76%"
"11/15/2022","398.49","401.15","402.31","394.49","93.19M","0.85%"
"11/14/2022","395.12","396.66","400.18","394.83","71.89M","-0.85%"
"11/11/2022","398.51","395.59","399.35","393.61","93.84M","0.97%"
"11/10/2022","394.69","388.05","395.04","385.64","141.46M","5.50%"
"11/09/2022","374.13","379.93","381.14","373.61","78.50M","-2.06%"
"11/08/2022","382.00","381.11","385.12","377.72","84.64M","0.54%"
"11/07/2022","379.95","377.71","380.57","375.53","68.29M","0.96%"
"11/04/2022","376.35","377.00","378.87","370.00","103.51M","1.44%"
"11/03/2022","371.01","371.46","374.20","368.79","87.10M","-1.03%"
"11/02/2022","374.87","383.90","388.63","374.76","126.99M","-2.51%"
"11/01/2022","384.52","390.14","390.39","383.29","85.41M","-0.44%"
"10/31/2022","386.21","386.44","388.40","385.26","96.63M","-0.72%"
"10/28/2022","389.02","379.87","389.52","379.68","100.30M","2.38%"
"10/27/2022","379.98","383.07","385.00","379.33","81.97M","-0.53%"
"10/26/2022","382.02","381.62","387.58","381.35","104.09M","-0.75%"
"10/25/2022","384.92","378.79","385.25","378.67","78.85M","1.60%"
"10/24/2022","378.87","375.89","380.06","373.11","85.44M","1.22%"
"10/21/2022","374.29","365.12","374.80","363.54","131.04M","2.43%"
"10/20/2022","365.41","368.03","372.67","364.61","88.28M","-0.84%"
"10/19/2022","368.50","368.99","371.85","365.55","79.75M","-0.71%"
"10/18/2022","371.13","375.13","375.45","367.52","97.16M","1.17%"
"10/17/2022","366.82","364.01","367.98","357.28","93.17M","2.57%"
"10/14/2022","357.63","368.55","370.26","356.96","123.74M","-2.28%"
"10/13/2022","365.97","349.20","367.51","348.11","147.25M","2.64%"
"10/12/2022","356.56","358.17","359.82","356.30","76.99M","-0.33%"
"10/11/2022","357.74","358.23","363.03","355.71","92.48M","-0.63%"
"10/10/2022","360.02","363.96","364.21","357.67","76.04M","-0.76%"
"10/07/2022","362.79","368.97","373.29","360.94","107.79M","-2.79%"
"10/06/2022","373.20","375.62","378.72","372.68","82.33M","-1.03%"
"10/05/2022","377.09","373.39","379.46","370.95","88.07M","-0.23%"
"10/04/2022","377.97","372.40","378.00","366.57","103.60M","3.10%"
"10/03/2022","366.61","361.08","368.55","359.21","89.76M","2.64%"
"09/30/2022","357.18","361.80","365.91","357.04","153.71M","-1.55%"
"09/29/2022","362.79","366.81","367.11","359.70","112.95M","-2.09%"
"09/28/2022","370.53","364.38","372.30","362.60","110.80M","1.97%"
"09/27/2022","363.38","368.02","370.40","360.87","108.29M","-0.26%"
"09/26/2022","364.31","366.41","370.21","363.03","92.58M","-0.99%"
"09/23/2022","367.95","370.58","370.62","363.29","122.35M","-1.68%"
"09/22/2022","374.22","376.58","378.30","373.44","89.47M","-0.84%"
"09/21/2022","377.39","386.11","389.31","377.38","106.75M","-1.74%"
"09/20/2022","384.09","385.06","386.12","381.20","77.27M","-1.15%"
"09/19/2022","388.55","382.26","388.55","382.18","73.28M","0.78%"
"09/16/2022","385.56","384.14","386.25","382.11","103.08M","-1.17%"
"09/15/2022","390.12","392.96","395.96","388.78","87.63M","-1.14%"
"09/14/2022","394.60","394.47","396.20","391.12","85.02M","0.38%"
"09/13/2022","393.10","401.83","403.10","391.92","122.95M","-4.35%"
"09/12/2022","410.97","408.78","411.73","408.46","69.26M","1.07%"
"09/09/2022","406.60","402.74","407.51","402.46","76.71M","1.55%"
"09/08/2022","400.38","395.39","400.86","394.12","80.82M","0.65%"
"09/07/2022","397.78","390.43","398.59","390.20","70.96M","1.80%"
"09/06/2022","390.76","393.13","394.12","388.42","76.64M","-0.38%"
"09/02/2022","392.24","400.28","401.55","390.33","99.63M","-1.05%"
"09/01/2022","396.42","392.89","396.78","390.04","78.74M","0.31%"
"08/31/2022","395.18","399.93","401.24","395.04","76.03M","-0.76%"
"08/30/2022","398.21","403.85","404.10","396.00","85.65M","-1.10%"
"08/29/2022","402.63","402.20","405.84","401.20","65.37M","-0.66%"
"08/26/2022","405.31","419.39","419.96","405.25","103.09M","-3.38%"
"08/25/2022","419.51","415.24","419.56","414.09","50.94M","1.41%"
"08/24/2022","413.67","412.11","415.11","411.39","49.18M","0.32%"
"08/23/2022","412.35","412.90","415.42","411.77","49.11M","-0.24%"
"08/22/2022","413.35","417.05","417.23","412.40","77.70M","-2.08%"
"08/19/2022","422.14","424.98","425.26","421.22","68.02M","-1.34%"
"08/18/2022","427.89","426.86","428.61","425.50","49.02M","0.29%"
"08/17/2022","426.65","425.91","429.50","424.54","63.56M","-0.71%"
"08/16/2022","429.70","427.73","431.73","426.88","59.29M","0.20%"
"08/15/2022","428.86","424.77","429.41","424.71","54.05M","0.41%"
"08/12/2022","427.10","422.03","427.21","421.03","61.69M","1.69%"
"08/11/2022","419.99","422.99","424.95","419.21","59.49M","0.00%"
"08/10/2022","419.99","418.78","420.14","416.72","68.67M","2.10%"
"08/09/2022","411.35","412.22","412.75","410.22","44.93M","-0.40%"
"08/08/2022","412.99","415.25","417.62","411.83","54.03M","-0.12%"
"08/05/2022","413.47","409.66","414.15","409.60","56.81M","-0.17%"
"08/04/2022","414.17","414.37","415.09","412.44","45.66M","-0.07%"
"08/03/2022","414.45","410.30","415.68","410.00","67.82M","1.57%"
"08/02/2022","408.06","409.12","413.00","406.82","63.44M","-0.66%"
"08/01/2022","410.77","409.15","413.41","408.40","70.00M","-0.30%"
"07/29/2022","411.99","407.58","413.03","406.77","87.00M","1.46%"
"07/28/2022","406.07","401.89","406.80","398.15","73.97M","1.25%"
"07/27/2022","401.04","394.36","402.88","394.05","82.34M","2.60%"
"07/26/2022","390.89","393.84","394.06","389.95","52.95M","-1.18%"
"07/25/2022","395.57","395.75","396.47","393.21","53.63M","0.12%"
"07/22/2022","395.09","398.92","400.18","392.75","72.20M","-0.93%"
"07/21/2022","398.79","394.16","398.84","391.63","64.90M","1.02%"
"07/20/2022","394.77","392.47","396.26","391.03","71.84M","0.64%"
"07/19/2022","392.27","386.08","392.87","385.39","78.51M","2.70%"
"07/18/2022","381.95","388.38","389.09","380.66","63.20M","-0.83%"
"07/15/2022","385.13","382.55","385.25","380.54","79.06M","1.91%"
"07/14/2022","377.91","373.61","379.05","371.04","89.70M","-0.24%"
"07/13/2022","378.83","375.10","381.92","374.66","84.22M","-0.53%"
"07/12/2022","380.83","383.65","386.16","378.99","62.22M","-0.88%"
"07/11/2022","384.23","385.85","386.87","383.50","58.37M","-1.14%"
"07/08/2022","388.67","387.27","390.64","385.66","72.40M","-0.08%"
"07/07/2022","388.99","385.12","389.83","383.27","64.53M","1.50%"
"07/06/2022","383.25","382.11","385.87","379.60","70.43M","0.34%"
"07/05/2022","381.96","375.88","381.98","372.90","81.44M","0.19%"
"07/01/2022","381.24","376.56","381.70","373.80","74.84M","1.06%"
"06/30/2022","377.25","376.24","380.66","372.56","112.51M","-0.81%"
"06/29/2022","380.34","381.23","382.27","378.42","65.68M","-0.08%"
"06/28/2022","380.65","390.23","393.16","380.53","86.69M","-2.04%"
"06/27/2022","388.59","391.05","391.36","387.44","66.01M","-0.38%"
"06/24/2022","390.08","381.40","390.09","381.36","98.05M","3.18%"
"06/23/2022","378.06","376.64","378.83","372.89","79.29M","0.98%"
"06/22/2022","374.39","370.62","378.72","370.18","90.06M","-0.18%"
"06/21/2022","375.07","371.89","376.52","371.81","76.81M","2.52%"
"06/17/2022","365.86","365.51","369.38","362.17","111.11M","-0.22%"
"06/16/2022","366.65","370.51","370.94","364.08","134.47M","-3.31%"
"06/15/2022","379.20","377.36","383.90","372.12","125.67M","1.43%"
"06/14/2022","373.87","376.85","377.94","370.59","104.01M","-0.30%"
"06/13/2022","375.00","379.85","381.81","373.30","170.00M","-3.80%"
"06/10/2022","389.80","394.88","395.78","389.75","132.89M","-2.90%"
"06/09/2022","401.44","409.34","411.74","401.44","86.29M","-2.38%"
"06/08/2022","411.22","413.93","415.82","410.38","64.35M","-1.09%"
"06/07/2022","415.74","408.10","416.22","407.61","59.27M","0.96%"
"06/06/2022","411.79","414.78","416.61","410.55","57.51M","0.30%"
"06/03/2022","410.54","412.40","414.04","409.51","71.87M","-1.64%"
"06/02/2022","417.39","409.42","417.44","407.04","79.61M","1.90%"
"06/01/2022","409.59","415.17","416.24","406.93","86.59M","-0.81%"
"05/31/2022","412.93","413.55","416.46","410.03","95.94M","-0.56%"
"05/27/2022","415.26","407.91","415.38","407.70","84.77M","2.45%"
"05/26/2022","405.31","398.67","407.04","398.45","82.17M","2.00%"
"05/25/2022","397.37","392.31","399.45","391.89","91.47M","0.88%"
"05/24/2022","393.89","392.56","395.15","386.96","91.45M","-0.76%"
"05/23/2022","396.92","392.83","397.73","390.38","76.41M","1.87%"
"05/20/2022","389.63","393.25","397.03","380.54","131.43M","0.04%"
"05/19/2022","389.46","388.62","394.14","387.11","98.51M","-0.61%"
"05/18/2022","391.86","403.50","403.80","390.55","117.67M","-4.03%"
"05/17/2022","408.32","406.53","408.57","402.58","83.03M","2.06%"
"05/16/2022","400.09","399.98","403.97","397.60","78.62M","-0.41%"
"05/13/2022","401.72","396.71","403.18","395.61","104.17M","2.39%"
"05/12/2022","392.34","389.37","395.80","385.15","125.09M","-0.10%"
"05/11/2022","392.75","398.07","404.04","391.96","142.36M","-1.59%"
"05/10/2022","399.09","404.49","406.08","394.82","132.50M","0.23%"
"05/09/2022","398.17","405.10","406.41","396.50","155.59M","-3.20%"
"05/06/2022","411.34","411.10","414.80","405.73","151.77M","-0.60%"
"05/05/2022","413.81","424.55","425.00","409.44","172.93M","-3.55%"
"05/04/2022","429.06","417.08","429.66","413.71","144.25M","3.05%"
"05/03/2022","416.38","415.01","418.93","413.36","100.03M","0.46%"
"05/02/2022","414.48","412.07","415.92","405.02","158.31M","0.60%"
"04/29/2022","412.00","423.59","425.87","411.21","145.49M","-3.70%"
"04/28/2022","427.81","422.29","429.64","417.60","105.45M","2.53%"
"04/27/2022","417.27","417.24","422.92","415.01","122.03M","0.28%"
"04/26/2022","416.10","425.83","426.04","416.07","104.00M","-2.90%"
"04/25/2022","428.51","423.67","428.69","418.84","119.65M","0.58%"
"04/22/2022","426.04","436.91","438.08","425.44","132.47M","-2.74%"
"04/21/2022","438.06","448.54","450.01","437.10","85.42M","-1.50%"
"04/20/2022","444.71","446.92","447.57","443.48","65.22M","-0.07%"
"04/19/2022","445.04","437.86","445.80","437.68","77.82M","1.61%"
"04/18/2022","437.97","436.81","439.75","435.61","66.00M","0.04%"
"04/14/2022","437.79","443.55","444.73","437.68","97.87M","-1.25%"
"04/13/2022","443.31","438.03","444.11","437.84","74.07M","1.15%"
"04/12/2022","438.29","443.08","445.75","436.65","84.36M","-0.37%"
"04/11/2022","439.92","444.11","445.00","439.39","89.77M","-1.71%"
"04/08/2022","447.57","447.97","450.63","445.94","79.27M","-0.27%"
"04/07/2022","448.77","445.59","450.69","443.53","78.10M","0.50%"
"04/06/2022","446.52","446.89","448.93","443.47","106.90M","-1.00%"
"04/05/2022","451.03","455.22","457.83","449.82","74.21M","-1.26%"
"04/04/2022","456.80","453.13","456.91","452.26","59.60M","0.86%"
"04/01/2022","452.92","453.31","453.46","449.14","89.05M","0.28%"
"03/31/2022","451.64","457.89","458.76","451.16","121.70M","-1.54%"
"03/30/2022","458.70","460.34","461.19","456.46","79.67M","-0.62%"
"03/29/2022","461.55","460.02","462.07","457.18","86.58M","1.24%"
"03/28/2022","455.91","452.06","455.91","450.06","68.53M","0.71%"
"03/25/2022","452.69","451.16","452.98","448.43","77.10M","0.49%"
"03/24/2022","450.49","445.94","450.50","444.76","64.74M","1.51%"
"03/23/2022","443.80","446.91","448.49","443.71","79.43M","-1.29%"
"03/22/2022","449.59","445.86","450.58","445.86","74.65M","1.17%"
"03/21/2022","444.39","444.34","446.46","440.68","88.35M","-0.03%"
"03/18/2022","444.52","438.00","444.86","437.22","106.35M","0.78%"
"03/17/2022","441.07","433.59","441.07","433.19","102.68M","1.25%"
"03/16/2022","435.62","429.89","435.68","424.80","144.95M","2.22%"
"03/15/2022","426.17","419.77","426.84","418.42","106.22M","2.20%"
"03/14/2022","417.00","420.89","424.55","415.79","95.73M","-0.73%"
"03/11/2022","420.07","428.12","428.77","419.53","95.64M","-1.27%"
"03/10/2022","425.48","422.52","426.43","420.44","93.97M","-0.45%"
"03/09/2022","427.41","425.14","429.51","422.82","116.99M","2.68%"
"03/08/2022","416.25","419.62","427.21","415.12","164.77M","-0.76%"
"03/07/2022","419.43","431.55","432.30","419.36","137.90M","-2.95%"
"03/04/2022","432.17","431.75","433.37","427.88","114.08M","-0.81%"
"03/03/2022","435.71","440.47","441.11","433.80","105.50M","-0.50%"
"03/02/2022","437.89","432.37","439.72","431.57","117.73M","1.84%"
"03/01/2022","429.98","435.04","437.17","427.11","137.79M","-1.52%"
"02/28/2022","436.63","432.03","438.20","430.70","145.62M","-0.26%"
"02/25/2022","437.75","429.61","437.84","427.86","121.80M","2.21%"
"02/24/2022","428.30","411.02","428.76","410.64","213.94M","1.50%"
"02/23/2022","421.95","432.66","433.26","421.35","132.58M","-1.77%"
"02/22/2022","429.57","431.89","435.50","425.86","124.39M","-1.07%"
"02/18/2022","434.23","437.33","438.66","431.82","132.64M","-0.65%"
"02/17/2022","437.06","443.22","446.57","436.42","102.26M","-2.14%"
"02/16/2022","446.60","443.93","448.06","441.94","84.86M","0.11%"
"02/15/2022","446.10","443.73","446.28","443.18","88.66M","1.61%"
"02/14/2022","439.02","439.92","441.60","435.34","123.01M","-0.33%"
"02/11/2022","440.46","449.41","451.61","438.94","153.21M","-1.97%"
"02/10/2022","449.32","451.34","457.71","447.20","140.10M","-1.80%"
"02/09/2022","457.54","455.22","457.88","455.00","92.59M","1.46%"
"02/08/2022","450.94","446.73","451.92","445.22","81.01M","0.82%"
"02/07/2022","447.26","449.51","450.99","445.85","84.47M","-0.32%"
"02/04/2022","448.70","446.35","452.78","443.83","118.45M","0.47%"
"02/03/2022","446.60","450.95","452.97","445.71","118.02M","-2.35%"
"02/02/2022","457.35","455.50","458.12","453.05","117.36M","0.97%"
"02/01/2022","452.95","450.68","453.63","446.94","123.16M","0.68%"
"01/31/2022","449.91","441.24","450.28","439.81","152.25M","1.80%"
"01/28/2022","441.95","432.68","442.00","427.82","164.46M","2.48%"
"01/27/2022","431.24","438.26","441.59","429.45","149.88M","-0.49%"
"01/26/2022","433.38","440.72","444.04","428.86","186.39M","-0.25%"
"01/25/2022","434.47","433.06","439.72","427.15","168.00M","-1.22%"
"01/24/2022","439.84","432.03","440.38","420.76","252.50M","0.42%"
"01/21/2022","437.98","445.56","448.06","437.95","202.27M","-1.96%"
"01/20/2022","446.75","453.75","458.74","444.50","122.38M","-1.11%"
"01/19/2022","451.75","458.13","459.61","451.46","109.36M","-1.04%"
"01/18/2022","456.49","459.74","459.96","455.31","109.87M","-1.77%"
"01/14/2022","464.72","461.19","465.09","459.90","95.89M","0.04%"
"01/13/2022","464.53","472.19","472.88","463.44","91.17M","-1.38%"
"01/12/2022","471.02","471.59","473.20","468.94","67.61M","0.27%"
"01/11/2022","469.75","465.23","469.85","462.05","74.30M","0.91%"
"01/10/2022","465.51","462.70","465.74","456.60","119.36M","-0.12%"
"01/07/2022","466.09","467.95","469.20","464.65","85.11M","-0.40%"
"01/06/2022","467.94","467.89","470.82","465.43","86.86M","-0.09%"
"01/05/2022","468.38","477.16","477.98","468.28","104.54M","-1.92%"
"01/04/2022","477.55","479.22","479.98","475.58","71.18M","-0.03%"
"01/03/2022","477.71","476.30","477.85","473.85","72.67M","0.58%"